court_id,first_name,reference
e2ca657c-8f4f-4d41-b545-c434bb779f20,perf64,PERFTEST64
e2ca657c-8f4f-4d41-b545-c434bb779f20,perf65,PERFTEST65
e2ca657c-8f4f-4d41-b545-c434bb779f20,perf66,PERFTEST66
e2ca657c-8f4f-4d41-b545-c434bb779f20,perf67,PERFTEST67
e2ca657c-8f4f-4d41-b545-c434bb779f20,perf68,PERFTEST68
e2ca657c-8f4f-4d41-b545-c434bb779f20,perf69,PERFTEST69
e2ca657c-8f4f-4d41-b545-c434bb779f20,perf70,PERFTEST70
e2ca657c-8f4f-4d41-b545-c434bb779f20,perf71,PERFTEST71
e2ca657c-8f4f-4d41-b545-c434bb779f20,perf72,PERFTEST72
e2ca657c-8f4f-4d41-b545-c434bb779f20,perf73,PERFTEST73
e2ca657c-8f4f-4d41-b545-c434bb779f20,perf74,PERFTEST74
e2ca657c-8f4f-4d41-b545-c434bb779f20,perf75,PERFTEST75
e2ca657c-8f4f-4d41-b545-c434bb779f20,perf76,PERFTEST76
e2ca657c-8f4f-4d41-b545-c434bb779f20,perf77,PERFTEST77
e2ca657c-8f4f-4d41-b545-c434bb779f20,perf78,PERFTEST78
e2ca657c-8f4f-4d41-b545-c434bb779f20,perf79,PERFTEST79
e2ca657c-8f4f-4d41-b545-c434bb779f20,perf80,PERFTEST80
e2ca657c-8f4f-4d41-b545-c434bb779f20,perf81,PERFTEST81
e2ca657c-8f4f-4d41-b545-c434bb779f20,perf82,PERFTEST82
e2ca657c-8f4f-4d41-b545-c434bb779f20,perf83,PERFTEST83
e2ca657c-8f4f-4d41-b545-c434bb779f20,perf84,PERFTEST84
e2ca657c-8f4f-4d41-b545-c434bb779f20,perf85,PERFTEST85
e2ca657c-8f4f-4d41-b545-c434bb779f20,perf86,PERFTEST86
e2ca657c-8f4f-4d41-b545-c434bb779f20,perf87,PERFTEST87
e2ca657c-8f4f-4d41-b545-c434bb779f20,perf88,PERFTEST88
e2ca657c-8f4f-4d41-b545-c434bb779f20,perf89,PERFTEST89
e2ca657c-8f4f-4d41-b545-c434bb779f20,perf90,PERFTEST90
e2ca657c-8f4f-4d41-b545-c434bb779f20,perf91,PERFTEST91
e2ca657c-8f4f-4d41-b545-c434bb779f20,perf92,PERFTEST92
e2ca657c-8f4f-4d41-b545-c434bb779f20,perf93,PERFTEST93
